run_id,date,dataset,model,weight_type,seed,epochs,alpha_protocol,clean,drop_at_0.3,mid_band_mean,neg_0.3,pos_0.3,params,pairing_check,artifact_path,verdict
cifar10|simple_cnn|clean|7pt,2026-07-29,cifar10,simple_cnn,clean,42,100,7pt,84.9,29.82,79.8525,76.06,55.08,254084,0.0000 PASS,outputs/task1_simplecnn/,train.py clean + task1 敏感性扫描
cifar10|vgg11|clean|7pt,2026-09-03,cifar10,vgg11,clean,42,100,7pt,89.8,53.1,77.615,51.83,36.7,9277284,0.0000 PASS,outputs/task1_vgg11/,train.py clean + task1 敏感性扫描
cifar10|resnet18|clean|7pt,2026-07-30,cifar10,resnet18,clean,42,100,7pt,92.09,75.01,60.3425,12.38,17.08,11220132,0.0000 PASS,outputs/task1_resnet18/,train.py clean + task1 敏感性扫描
cifar10|simple_cnn|nat_scratch|7pt,2026-07-29,cifar10,simple_cnn,nat_scratch,42,120,7pt,86.49,22.26,83.5775,81.54,64.23,254084,0.0000 PASS,outputs/task2_simplecnn/scratch/,NAT-scratch
cifar10|simple_cnn|nat_finetune|7pt,2026-07-30,cifar10,simple_cnn,nat_finetune,42,80,7pt,85.49,29.41,80.4425,77.27,56.08,254084,0.0000 PASS,outputs/task2_simplecnn/finetune/,NAT-finetune
cifar10|vgg11|nat_scratch|7pt,2026-07-31,cifar10,vgg11,nat_scratch,42,120,7pt,90.18,45.44,81.8825,64.72,44.74,9277284,0.0000 PASS,outputs/task2_vgg11/scratch/,NAT-scratch
cifar10|vgg11|nat_finetune|7pt,2026-07-30,cifar10,vgg11,nat_finetune,42,80,7pt,89.9,49.94,79.1875,55.33,39.96,9277284,0.0000 PASS,outputs/task2_vgg11/finetune/,NAT-finetune
cifar10|resnet18|nat_scratch|7pt,2026-07-30,cifar10,resnet18,nat_scratch,42,120,7pt,92.27,76.63,67.845,18.65,15.64,11220132,0.0000 PASS,outputs/task2_resnet18/scratch/,NAT-scratch
cifar10|resnet18|nat_finetune|7pt,2026-07-30,cifar10,resnet18,nat_finetune,42,80,7pt,91.99,72.1,63.395,13.34,19.89,11220132,0.0000 PASS,outputs/task2_resnet18/finetune/,NAT-finetune
cifar10|simple_cnn|task3_Exp1_CalibOnly|7pt,2026-07-29,cifar10,simple_cnn,task3_Exp1_CalibOnly,42,120,7pt,87.19,23.56,83.8375,78.06,63.63,254084,0.0000 PASS,outputs/task3_simplecnn/Exp1_CalibOnly/,task3 消融（robust_cnn 协议）
cifar10|simple_cnn|task3_Exp2_Calib+Layerwise|7pt,2026-07-30,cifar10,simple_cnn,task3_Exp2_Calib+Layerwise,42,120,7pt,87.37,18.61,84.21,78.64,68.76,254084,0.0000 PASS,outputs/task3_simplecnn/Exp2_Calib+Layerwise/,task3 消融（robust_cnn 协议）
cifar10|simple_cnn|task3_Exp3_FullRobust|7pt,2026-07-30,cifar10,simple_cnn,task3_Exp3_FullRobust,42,120,7pt,87.59,18.45,84.255,77.6,69.14,254084,0.0000 PASS,outputs/task3_simplecnn/Exp3_FullRobust/,task3 消融（robust_cnn 协议）
cifar10|resnet18|clean|15pt,2026-08-27,cifar10,resnet18,clean,42,,15pt,92.09,75.01,60.3425,12.38,17.08,11220132,n/a(扫描复用权重),outputs/extension4_alpha_wide/alpha_wide_scan_summary.csv [rows=15],ext4 宽范围外推扫描
cifar10|resnet18|nat_finetune|15pt,2026-08-27,cifar10,resnet18,nat_finetune,42,,15pt,91.99,72.1,63.395,13.34,19.89,11220132,n/a(扫描复用权重),outputs/extension4_alpha_wide/alpha_wide_scan_summary.csv [rows=15],ext4 宽范围外推扫描
cifar10|resnet18|nat_scratch|15pt,2026-08-27,cifar10,resnet18,nat_scratch,42,,15pt,92.27,76.63,67.845,18.65,15.64,11220132,n/a(扫描复用权重),outputs/extension4_alpha_wide/alpha_wide_scan_summary.csv [rows=15],ext4 宽范围外推扫描
cifar10|simple_cnn|clean|15pt,2026-08-27,cifar10,simple_cnn,clean,42,,15pt,84.9,29.82,79.8525,76.06,55.08,254084,n/a(扫描复用权重),outputs/extension4_alpha_wide/alpha_wide_scan_summary.csv [rows=15],ext4 宽范围外推扫描
cifar10|simple_cnn|exp2_robust|15pt,2026-08-27,cifar10,simple_cnn,exp2_robust,42,,15pt,87.37,18.61,84.21,78.64,68.76,254084,n/a(扫描复用权重),outputs/extension4_alpha_wide/alpha_wide_scan_summary.csv [rows=15],ext4 宽范围外推扫描
cifar10|simple_cnn|nat_finetune|15pt,2026-08-27,cifar10,simple_cnn,nat_finetune,42,,15pt,85.49,29.41,80.4425,77.27,56.08,254084,n/a(扫描复用权重),outputs/extension4_alpha_wide/alpha_wide_scan_summary.csv [rows=15],ext4 宽范围外推扫描
cifar10|simple_cnn|nat_scratch|15pt,2026-08-27,cifar10,simple_cnn,nat_scratch,42,,15pt,86.49,22.26,83.5775,81.54,64.23,254084,n/a(扫描复用权重),outputs/extension4_alpha_wide/alpha_wide_scan_summary.csv [rows=15],ext4 宽范围外推扫描
cifar10|vgg11|clean|15pt,2026-08-27,cifar10,vgg11,clean,42,,15pt,89.8,53.1,77.615,51.83,36.7,9277284,n/a(扫描复用权重),outputs/extension4_alpha_wide/alpha_wide_scan_summary.csv [rows=15],ext4 宽范围外推扫描
cifar10|vgg11|nat_finetune|15pt,2026-08-27,cifar10,vgg11,nat_finetune,42,,15pt,89.9,49.94,79.1875,55.33,39.96,9277284,n/a(扫描复用权重),outputs/extension4_alpha_wide/alpha_wide_scan_summary.csv [rows=15],ext4 宽范围外推扫描
cifar10|vgg11|nat_scratch|15pt,2026-08-27,cifar10,vgg11,nat_scratch,42,,15pt,90.18,45.44,81.8825,64.72,44.74,9277284,n/a(扫描复用权重),outputs/extension4_alpha_wide/alpha_wide_scan_summary.csv [rows=15],ext4 宽范围外推扫描
cifar10|resnet18|exp2_robust|15pt,2026-08-27,cifar10,resnet18,exp2_robust,42,120,15pt,93.27,73.15,71.52,23.59,20.12,11220132,0.0000 PASS,outputs/extension6_deep_robust/resnet18/,ext6 Exp2 深层迁移
cifar10|vgg11|exp2_robust|15pt,2026-08-27,cifar10,vgg11,exp2_robust,42,120,15pt,91.27,41.02,84.4275,69.99,50.25,9277284,0.0000 PASS,outputs/extension6_deep_robust/vgg11/,ext6 Exp2 深层迁移
cifar100|simple_cnn|clean|7pt,2026-09-02,cifar100,simple_cnn,clean,42,120,7pt,59.99,31.9,53.5175,42.91,28.09,254084,0.0000 PASS,outputs_cifar100/task1_simplecnn/,train.py clean + task1 敏感性扫描
cifar100|vgg11|clean|7pt,2026-09-02,cifar100,vgg11,clean,42,200,7pt,67.09,50.17,50.8525,24.48,16.92,9277284,0.0000 PASS,outputs_cifar100/task1_vgg11/,train.py clean + task1 敏感性扫描
cifar100|resnet18|clean|7pt,2026-09-02,cifar100,resnet18,clean,42,200,7pt,72.09,69.39,29.325,3.25,2.7,11220132,0.0000 PASS,outputs_cifar100/task1_resnet18/,train.py clean + task1 敏感性扫描
cifar100|simple_cnn|nat_scratch|7pt,2026-09-02,cifar100,simple_cnn,nat_scratch,42,120,7pt,60.7,39.29,52.7425,46.2,21.41,254084,0.0000 PASS,outputs_cifar100/task2_simplecnn/scratch/,NAT-scratch
cifar100|simple_cnn|nat_finetune|7pt,2026-09-02,cifar100,simple_cnn,nat_finetune,42,120,7pt,60.16,35.35,53.0425,45.79,24.81,254084,0.0000 PASS,outputs_cifar100/task2_simplecnn/finetune/,NAT-finetune
cifar100|vgg11|nat_scratch|7pt,2026-09-02,cifar100,vgg11,nat_scratch,42,200,7pt,67.25,45.36,55.0375,34.07,21.89,9277284,0.0000 PASS,outputs_cifar100/task2_vgg11/scratch/,NAT-scratch
cifar100|vgg11|nat_finetune|7pt,2026-09-02,cifar100,vgg11,nat_finetune,42,200,7pt,67.12,47.32,52.1825,25.21,19.8,9277284,0.0000 PASS,outputs_cifar100/task2_vgg11/finetune/,NAT-finetune
cifar100|resnet18|nat_scratch|7pt,2026-09-03,cifar100,resnet18,nat_scratch,42,200,7pt,71.84,66.52,37.9725,2.65,5.32,11220132,0.0000 PASS,outputs_cifar100/task2_resnet18/scratch/,NAT-scratch
cifar100|resnet18|nat_finetune|7pt,2026-09-03,cifar100,resnet18,nat_finetune,42,200,7pt,72.11,68.6,31.5775,3.2,3.51,11220132,0.0000 PASS,outputs_cifar100/task2_resnet18/finetune/,NAT-finetune
cifar100|simple_cnn|task3_Exp1_CalibOnly|7pt,2026-09-16,cifar100,simple_cnn,task3_Exp1_CalibOnly,42,120,7pt,60.87,39.0,52.3125,40.58,21.87,254084,0.0000 PASS,outputs_cifar100/task3_simplecnn/Exp1_CalibOnly/,task3 消融（robust_cnn 协议）
cifar100|simple_cnn|task3_Exp2_Calib+Layerwise|7pt,2026-09-16,cifar100,simple_cnn,task3_Exp2_Calib+Layerwise,42,120,7pt,61.22,36.06,53.6925,43.1,25.16,254084,0.0000 PASS,outputs_cifar100/task3_simplecnn/Exp2_Calib+Layerwise/,task3 消融（robust_cnn 协议）
cifar100|simple_cnn|task3_Exp3_FullRobust|7pt,2026-09-16,cifar100,simple_cnn,task3_Exp3_FullRobust,42,120,7pt,60.82,30.93,53.47,39.11,29.89,254084,0.0000 PASS,outputs_cifar100/task3_simplecnn/Exp3_FullRobust/,task3 消融（robust_cnn 协议）
cifar100|resnet18|clean|15pt,2026-09-16,cifar100,resnet18,clean,42,,15pt,72.09,69.39,29.325,3.25,2.7,11220132,n/a(扫描复用权重),outputs_cifar100/extension4_alpha_wide/alpha_wide_scan_summary.csv [rows=15],ext4 宽范围外推扫描
cifar100|resnet18|nat_finetune|15pt,2026-09-16,cifar100,resnet18,nat_finetune,42,,15pt,72.11,68.6,31.5775,3.2,3.51,11220132,n/a(扫描复用权重),outputs_cifar100/extension4_alpha_wide/alpha_wide_scan_summary.csv [rows=15],ext4 宽范围外推扫描
cifar100|resnet18|nat_scratch|15pt,2026-09-16,cifar100,resnet18,nat_scratch,42,,15pt,71.84,66.52,37.9725,2.65,5.32,11220132,n/a(扫描复用权重),outputs_cifar100/extension4_alpha_wide/alpha_wide_scan_summary.csv [rows=15],ext4 宽范围外推扫描
cifar100|simple_cnn|clean|15pt,2026-09-16,cifar100,simple_cnn,clean,42,,15pt,59.99,31.9,53.5175,42.91,28.09,254084,n/a(扫描复用权重),outputs_cifar100/extension4_alpha_wide/alpha_wide_scan_summary.csv [rows=15],ext4 宽范围外推扫描
cifar100|simple_cnn|exp2_robust|15pt,2026-09-16,cifar100,simple_cnn,exp2_robust,42,,15pt,61.22,36.06,53.6925,43.1,25.16,254084,n/a(扫描复用权重),outputs_cifar100/extension4_alpha_wide/alpha_wide_scan_summary.csv [rows=15],ext4 宽范围外推扫描
cifar100|simple_cnn|nat_finetune|15pt,2026-09-16,cifar100,simple_cnn,nat_finetune,42,,15pt,60.16,35.35,53.0425,45.79,24.81,254084,n/a(扫描复用权重),outputs_cifar100/extension4_alpha_wide/alpha_wide_scan_summary.csv [rows=15],ext4 宽范围外推扫描
cifar100|simple_cnn|nat_scratch|15pt,2026-09-16,cifar100,simple_cnn,nat_scratch,42,,15pt,60.7,39.29,52.7425,46.2,21.41,254084,n/a(扫描复用权重),outputs_cifar100/extension4_alpha_wide/alpha_wide_scan_summary.csv [rows=15],ext4 宽范围外推扫描
cifar100|vgg11|clean|15pt,2026-09-16,cifar100,vgg11,clean,42,,15pt,67.09,50.17,50.8525,24.48,16.92,9277284,n/a(扫描复用权重),outputs_cifar100/extension4_alpha_wide/alpha_wide_scan_summary.csv [rows=15],ext4 宽范围外推扫描
cifar100|vgg11|nat_finetune|15pt,2026-09-16,cifar100,vgg11,nat_finetune,42,,15pt,67.12,47.32,52.1825,25.21,19.8,9277284,n/a(扫描复用权重),outputs_cifar100/extension4_alpha_wide/alpha_wide_scan_summary.csv [rows=15],ext4 宽范围外推扫描
cifar100|vgg11|nat_scratch|15pt,2026-09-16,cifar100,vgg11,nat_scratch,42,,15pt,67.25,45.36,55.0375,34.07,21.89,9277284,n/a(扫描复用权重),outputs_cifar100/extension4_alpha_wide/alpha_wide_scan_summary.csv [rows=15],ext4 宽范围外推扫描
cifar100|resnet18|exp2_robust|15pt,2026-09-16,cifar100,resnet18,exp2_robust,42,120,15pt,73.57,68.14,40.3875,6.0,5.43,11220132,0.0000 PASS,outputs_cifar100/extension6_deep_robust/resnet18/,ext6 Exp2 深层迁移
cifar100|vgg11|exp2_robust|15pt,2026-09-16,cifar100,vgg11,exp2_robust,42,120,15pt,68.05,52.07,54.155,34.45,15.98,9277284,0.0000 PASS,outputs_cifar100/extension6_deep_robust/vgg11/,ext6 Exp2 深层迁移
cifar100|resnet18|exp3_robust|15pt,2026-09-17,cifar100,resnet18,task3_Exp3_FullRobust,42,200,15pt(待扫),,,,,,11220132,待 eval 扫描,outputs_cifar100/extension6_deep_robust/resnet18_exp3/,v3 新增：深层 Exp3（非对称采样）
cifar100|vgg11|exp3_robust|15pt,2026-09-17,cifar100,vgg11,task3_Exp3_FullRobust,42,200,15pt(待扫),,,,,,9277284,待 eval 扫描,outputs_cifar100/extension6_deep_robust/vgg11_exp3/,v3 新增：深层 Exp3（非对称采样）
cifar100|simple_cnn|v3_adv_uniform|7pt(or wide),2026-09-17,cifar100,simple_cnn,v3_adv_uniform,42,120,v3,60.27,35.95,53.8375,45.06,24.32,254084,0.0000 PASS,outputs_cifar100/v3_methods/adv_uniform,adv/uniform
cifar100|simple_cnn|v3_budget_front|7pt(or wide),2026-09-17,cifar100,simple_cnn,v3_budget_front,42,120,v3,60.72,41.16,52.3025,46.76,19.56,254084,0.0000 PASS,outputs_cifar100/v3_methods/budget_front,budget/front
cifar100|simple_cnn|v3_budget_rear|7pt(or wide),2026-09-17,cifar100,simple_cnn,v3_budget_rear,42,120,v3,60.9,35.44,54.0325,47.42,25.46,254084,0.0000 PASS,outputs_cifar100/v3_methods/budget_rear,budget/rear
cifar100|simple_cnn|v3_budget_sens|7pt(or wide),2026-09-17,cifar100,simple_cnn,v3_budget_sens,42,120,v3,60.07,33.94,52.8,40.3,26.13,254084,0.0000 PASS,outputs_cifar100/v3_methods/budget_sens,budget/sens
cifar100|simple_cnn|v3_budget_uniform|7pt(or wide),2026-09-17,cifar100,simple_cnn,v3_budget_uniform,42,120,v3,60.85,34.82,53.5575,43.56,26.03,254084,0.0000 PASS,outputs_cifar100/v3_methods/budget_uniform,budget/uniform
cifar100|simple_cnn|v3_curriculum_uniform|7pt(or wide),2026-09-17,cifar100,simple_cnn,v3_curriculum_uniform,42,120,v3,60.25,38.47,51.9275,45.62,21.78,254084,0.0000 PASS,outputs_cifar100/v3_methods/curriculum_uniform,curriculum/uniform
cifar100|simple_cnn|v3_gauss_uniform|7pt(or wide),2026-09-17,cifar100,simple_cnn,v3_gauss_uniform,42,120,v3,55.79,33.78,48.215,40.14,22.01,254084,0.0000 PASS,outputs_cifar100/v3_methods/gauss_uniform,gauss/uniform
cifar100|simple_cnn|v3_joint_uniform|7pt(or wide),2026-09-17,cifar100,simple_cnn,v3_joint_uniform,42,120,v3,55.2,39.93,46.2175,41.77,15.27,254084,0.0000 PASS,outputs_cifar100/v3_methods/joint_uniform,joint/uniform
cifar100|simple_cnn|v3_range_0.50|7pt(or wide),2026-09-17,cifar100,simple_cnn,v3_range_uniform,42,120,v3,61.03,40.55,52.68,46.29,20.48,254084,0.0000 PASS,outputs_cifar100/v3_methods/range_0.50,range/uniform
cifar100|readout_repair_alpha+0.30|a_original_fc|7pt,2026-09-17,cifar100,readout_repair,a_original_fc,42,,7pt(读出适配),59.99,31.9,53.5175,42.91,28.09,,n/a(读出适配),outputs_cifar100/v3_readout_repair/readout_repair_alpha+0.30.csv,readout-NAT 实验
cifar100|readout_repair_alpha+0.30|e_readout_NAT|7pt,2026-09-17,cifar100,readout_repair,e_readout_NAT,42,,7pt(读出适配),56.8,12.71,54.3175,48.21,44.09,,n/a(读出适配),outputs_cifar100/v3_readout_repair/readout_repair_alpha+0.30.csv,readout-NAT 实验
cifar100|readout_repair_resnet18_alpha+0.30_n20000|a_original_fc|7pt,2026-09-17,cifar100,resnet18,a_original_fc,42,,7pt(读出适配),72.07,69.37,29.325,3.25,2.7,,n/a(读出适配),outputs_cifar100/v3_readout_repair/readout_repair_resnet18_alpha+0.30_n20000.csv,readout-NAT 实验
cifar100|readout_repair_resnet18_alpha+0.30_n20000|e_readout_NAT|7pt,2026-09-17,cifar100,resnet18,e_readout_NAT,42,,7pt(读出适配),65.4,49.13,45.995,17.88,16.27,,n/a(读出适配),outputs_cifar100/v3_readout_repair/readout_repair_resnet18_alpha+0.30_n20000.csv,readout-NAT 实验
cifar100|readout_repair_simple_cnn_alpha+0.30_n20000|a_original_fc|7pt,2026-09-17,cifar100,simple_cnn,a_original_fc,42,,7pt(读出适配),59.99,31.9,53.5175,42.91,28.09,,n/a(读出适配),outputs_cifar100/v3_readout_repair/readout_repair_simple_cnn_alpha+0.30_n20000.csv,readout-NAT 实验
cifar100|readout_repair_simple_cnn_alpha+0.30_n20000|e_readout_NAT|7pt,2026-09-17,cifar100,simple_cnn,e_readout_NAT,42,,7pt(读出适配),53.65,12.49,51.39,46.23,41.16,,n/a(读出适配),outputs_cifar100/v3_readout_repair/readout_repair_simple_cnn_alpha+0.30_n20000.csv,readout-NAT 实验
cifar100|readout_repair_simple_cnn_alpha+0.30_n20000_cr0.3|a_original_fc|7pt,2026-09-17,cifar100,simple_cnn,a_original_fc,42,,7pt(读出适配),59.99,31.9,53.5175,42.91,28.09,,n/a(读出适配),outputs_cifar100/v3_readout_repair/readout_repair_simple_cnn_alpha+0.30_n20000_cr0.3.csv,readout-NAT 实验
cifar100|readout_repair_simple_cnn_alpha+0.30_n20000_cr0.3|e_readout_NAT|7pt,2026-09-17,cifar100,simple_cnn,e_readout_NAT,42,,7pt(读出适配),54.51,16.3,51.6625,46.25,38.21,,n/a(读出适配),outputs_cifar100/v3_readout_repair/readout_repair_simple_cnn_alpha+0.30_n20000_cr0.3.csv,readout-NAT 实验
cifar100|readout_repair_simple_cnn_alpha+0.30_n20000_cr0.5|a_original_fc|7pt,2026-09-17,cifar100,simple_cnn,a_original_fc,42,,7pt(读出适配),59.99,31.9,53.5175,42.91,28.09,,n/a(读出适配),outputs_cifar100/v3_readout_repair/readout_repair_simple_cnn_alpha+0.30_n20000_cr0.5.csv,readout-NAT 实验
cifar100|readout_repair_simple_cnn_alpha+0.30_n20000_cr0.5|e_readout_NAT|7pt,2026-09-17,cifar100,simple_cnn,e_readout_NAT,42,,7pt(读出适配),54.93,15.24,52.3575,46.87,39.69,,n/a(读出适配),outputs_cifar100/v3_readout_repair/readout_repair_simple_cnn_alpha+0.30_n20000_cr0.5.csv,readout-NAT 实验
cifar100|readout_repair_simple_cnn_alpha+0.30_n20000_s43|a_original_fc|7pt,2026-09-17,cifar100,simple_cnn,a_original_fc,42,,7pt(读出适配),59.99,31.9,53.5175,42.91,28.09,,n/a(读出适配),outputs_cifar100/v3_readout_repair/readout_repair_simple_cnn_alpha+0.30_n20000_s43.csv,readout-NAT 实验
cifar100|readout_repair_simple_cnn_alpha+0.30_n20000_s43|e_readout_NAT|7pt,2026-09-17,cifar100,simple_cnn,e_readout_NAT,42,,7pt(读出适配),53.37,14.37,51.0075,46.4,39.0,,n/a(读出适配),outputs_cifar100/v3_readout_repair/readout_repair_simple_cnn_alpha+0.30_n20000_s43.csv,readout-NAT 实验
cifar100|readout_repair_simple_cnn_alpha+0.30_n20000_s44|a_original_fc|7pt,2026-09-17,cifar100,simple_cnn,a_original_fc,42,,7pt(读出适配),59.99,31.9,53.5175,42.91,28.09,,n/a(读出适配),outputs_cifar100/v3_readout_repair/readout_repair_simple_cnn_alpha+0.30_n20000_s44.csv,readout-NAT 实验
cifar100|readout_repair_simple_cnn_alpha+0.30_n20000_s44|e_readout_NAT|7pt,2026-09-17,cifar100,simple_cnn,e_readout_NAT,42,,7pt(读出适配),53.61,12.16,51.49,46.13,41.45,,n/a(读出适配),outputs_cifar100/v3_readout_repair/readout_repair_simple_cnn_alpha+0.30_n20000_s44.csv,readout-NAT 实验
cifar100|readout_repair_vgg11_alpha+0.30_n20000|a_original_fc|7pt,2026-09-17,cifar100,vgg11,a_original_fc,42,,7pt(读出适配),67.09,50.17,50.845,24.49,16.92,,n/a(读出适配),outputs_cifar100/v3_readout_repair/readout_repair_vgg11_alpha+0.30_n20000.csv,readout-NAT 实验
cifar100|readout_repair_vgg11_alpha+0.30_n20000|e_readout_NAT|7pt,2026-09-17,cifar100,vgg11,e_readout_NAT,42,,7pt(读出适配),62.57,22.43,56.3875,43.02,40.14,,n/a(读出适配),outputs_cifar100/v3_readout_repair/readout_repair_vgg11_alpha+0.30_n20000.csv,readout-NAT 实验
