model,weight_type,alpha,accuracy,loss,is_extrapolation
simple_cnn,clean,-0.6,63.35,2.615128,True
simple_cnn,clean,-0.5,67.7,1.866536,True
simple_cnn,clean,-0.4,72.15,1.340658,True
simple_cnn,clean,-0.35,73.84,1.139285,True
simple_cnn,clean,-0.3,76.06,0.969324,False
simple_cnn,clean,-0.2,79.99,0.70746,False
simple_cnn,clean,-0.1,83.26,0.537622,False
simple_cnn,clean,0.0,84.9,0.459392,False
simple_cnn,clean,0.1,82.66,0.504517,False
simple_cnn,clean,0.2,73.5,0.775409,False
simple_cnn,clean,0.3,55.08,1.382706,False
simple_cnn,clean,0.35,45.43,1.781944,True
simple_cnn,clean,0.4,37.09,2.189317,True
simple_cnn,clean,0.5,27.11,2.841239,True
simple_cnn,clean,0.6,21.07,3.153288,True
simple_cnn,nat_scratch,-0.6,71.57,2.019098,True
simple_cnn,nat_scratch,-0.5,75.28,1.464563,True
simple_cnn,nat_scratch,-0.4,78.59,1.072512,True
simple_cnn,nat_scratch,-0.35,80.09,0.922993,True
simple_cnn,nat_scratch,-0.3,81.54,0.798628,False
simple_cnn,nat_scratch,-0.2,84.02,0.610974,False
simple_cnn,nat_scratch,-0.1,85.54,0.48995,False
simple_cnn,nat_scratch,0.0,86.49,0.426045,False
simple_cnn,nat_scratch,0.1,84.93,0.437523,False
simple_cnn,nat_scratch,0.2,79.82,0.594913,False
simple_cnn,nat_scratch,0.3,64.23,1.059079,False
simple_cnn,nat_scratch,0.35,51.32,1.448825,True
simple_cnn,nat_scratch,0.4,37.86,1.916115,True
simple_cnn,nat_scratch,0.5,16.34,2.814469,True
simple_cnn,nat_scratch,0.6,10.18,3.265974,True
simple_cnn,nat_finetune,-0.6,63.49,2.712013,True
simple_cnn,nat_finetune,-0.5,68.38,1.894529,True
simple_cnn,nat_finetune,-0.4,72.99,1.329656,True
simple_cnn,nat_finetune,-0.35,75.05,1.118314,True
simple_cnn,nat_finetune,-0.3,77.27,0.94284,False
simple_cnn,nat_finetune,-0.2,81.02,0.678192,False
simple_cnn,nat_finetune,-0.1,84.23,0.513981,False
simple_cnn,nat_finetune,0.0,85.49,0.446448,False
simple_cnn,nat_finetune,0.1,82.87,0.502071,False
simple_cnn,nat_finetune,0.2,73.65,0.772936,False
simple_cnn,nat_finetune,0.3,56.08,1.377893,False
simple_cnn,nat_finetune,0.35,46.72,1.788708,True
simple_cnn,nat_finetune,0.4,38.72,2.222004,True
simple_cnn,nat_finetune,0.5,28.19,2.958933,True
simple_cnn,nat_finetune,0.6,19.49,3.34914,True
simple_cnn,exp2_robust,-0.6,58.99,6.559253,True
simple_cnn,exp2_robust,-0.5,66.15,3.895296,True
simple_cnn,exp2_robust,-0.4,72.68,2.305808,True
simple_cnn,exp2_robust,-0.35,75.81,1.785684,True
simple_cnn,exp2_robust,-0.3,78.64,1.393571,False
simple_cnn,exp2_robust,-0.2,82.97,0.884978,False
simple_cnn,exp2_robust,-0.1,85.89,0.605432,False
simple_cnn,exp2_robust,0.0,87.37,0.469276,False
simple_cnn,exp2_robust,0.1,86.54,0.443912,False
simple_cnn,exp2_robust,0.2,81.44,0.560306,False
simple_cnn,exp2_robust,0.3,68.76,0.951016,False
simple_cnn,exp2_robust,0.35,57.96,1.297251,True
simple_cnn,exp2_robust,0.4,45.72,1.72643,True
simple_cnn,exp2_robust,0.5,24.72,2.525501,True
simple_cnn,exp2_robust,0.6,15.96,2.861242,True
vgg11,clean,-0.6,13.53,67.866118,True
vgg11,clean,-0.5,18.3,36.970141,True
vgg11,clean,-0.4,31.01,17.618239,True
vgg11,clean,-0.35,40.77,11.391881,True
vgg11,clean,-0.3,51.83,7.017273,False
vgg11,clean,-0.2,72.76,2.394881,False
vgg11,clean,-0.1,85.22,0.856265,False
vgg11,clean,0.0,89.8,0.490986,False
vgg11,clean,0.1,85.65,0.649183,False
vgg11,clean,0.2,66.83,1.524255,False
vgg11,clean,0.3,36.7,3.308637,False
vgg11,clean,0.35,28.18,4.158866,True
vgg11,clean,0.4,23.41,4.75273,True
vgg11,clean,0.5,16.16,5.419079,True
vgg11,clean,0.6,10.01,5.841154,True
vgg11,nat_scratch,-0.6,18.84,48.142129,True
vgg11,nat_scratch,-0.5,28.79,24.510545,True
vgg11,nat_scratch,-0.4,45.28,10.892615,True
vgg11,nat_scratch,-0.35,54.94,6.881879,True
vgg11,nat_scratch,-0.3,64.72,4.237565,False
vgg11,nat_scratch,-0.2,79.48,1.604849,False
vgg11,nat_scratch,-0.1,87.73,0.707553,False
vgg11,nat_scratch,0.0,90.18,0.478945,False
vgg11,nat_scratch,0.1,87.03,0.59512,False
vgg11,nat_scratch,0.2,73.29,1.15756,False
vgg11,nat_scratch,0.3,44.74,2.563612,False
vgg11,nat_scratch,0.35,32.42,3.459972,True
vgg11,nat_scratch,0.4,23.94,4.229595,True
vgg11,nat_scratch,0.5,17.21,5.092172,True
vgg11,nat_scratch,0.6,10.11,5.379059,True
vgg11,nat_finetune,-0.6,14.03,59.56441,True
vgg11,nat_finetune,-0.5,20.26,32.080095,True
vgg11,nat_finetune,-0.4,34.82,15.078238,True
vgg11,nat_finetune,-0.35,44.74,9.711605,True
vgg11,nat_finetune,-0.3,55.33,5.999072,False
vgg11,nat_finetune,-0.2,74.67,2.133263,False
vgg11,nat_finetune,-0.1,85.63,0.832168,False
vgg11,nat_finetune,0.0,89.9,0.507245,False
vgg11,nat_finetune,0.1,86.42,0.633784,False
vgg11,nat_finetune,0.2,70.03,1.394344,False
vgg11,nat_finetune,0.3,39.96,3.107266,False
vgg11,nat_finetune,0.35,29.52,4.020411,True
vgg11,nat_finetune,0.4,23.64,4.690785,True
vgg11,nat_finetune,0.5,17.11,5.380804,True
vgg11,nat_finetune,0.6,10.62,5.821826,True
resnet18,clean,-0.6,10.0,441.792986,True
resnet18,clean,-0.5,10.02,201.994797,True
resnet18,clean,-0.4,10.3,89.674389,True
resnet18,clean,-0.35,10.83,58.311541,True
resnet18,clean,-0.3,12.38,36.301144,False
resnet18,clean,-0.2,32.98,9.397861,False
resnet18,clean,-0.1,81.64,1.122567,False
resnet18,clean,0.0,92.09,0.414732,False
resnet18,clean,0.1,82.78,0.840103,False
resnet18,clean,0.2,43.97,3.407078,False
resnet18,clean,0.3,17.08,5.440174,False
resnet18,clean,0.35,11.27,5.73059,True
resnet18,clean,0.4,10.06,5.727731,True
resnet18,clean,0.5,10.0,5.288694,True
resnet18,clean,0.6,10.0,4.691794,True
resnet18,nat_scratch,-0.6,10.0,191.913026,True
resnet18,nat_scratch,-0.5,10.0,89.722105,True
resnet18,nat_scratch,-0.4,10.44,41.215557,True
resnet18,nat_scratch,-0.35,12.32,27.114874,True
resnet18,nat_scratch,-0.3,18.65,16.819109,False
resnet18,nat_scratch,-0.2,51.82,4.606549,False
resnet18,nat_scratch,-0.1,84.22,0.970676,False
resnet18,nat_scratch,0.0,92.27,0.417313,False
resnet18,nat_scratch,0.1,86.82,0.647158,False
resnet18,nat_scratch,0.2,48.52,3.03517,False
resnet18,nat_scratch,0.3,15.64,6.411998,False
resnet18,nat_scratch,0.35,12.26,6.687412,True
resnet18,nat_scratch,0.4,10.63,6.38897,True
resnet18,nat_scratch,0.5,10.02,5.380165,True
resnet18,nat_scratch,0.6,9.99,4.5172,True
resnet18,nat_finetune,-0.6,10.0,323.259023,True
resnet18,nat_finetune,-0.5,10.04,148.643111,True
resnet18,nat_finetune,-0.4,10.39,66.292685,True
resnet18,nat_finetune,-0.35,11.17,42.985916,True
resnet18,nat_finetune,-0.3,13.34,26.353515,False
resnet18,nat_finetune,-0.2,42.74,6.099292,False
resnet18,nat_finetune,-0.1,84.93,0.877875,False
resnet18,nat_finetune,0.0,91.99,0.426069,False
resnet18,nat_finetune,0.1,81.35,0.954442,False
resnet18,nat_finetune,0.2,44.56,3.657459,False
resnet18,nat_finetune,0.3,19.89,5.580833,False
resnet18,nat_finetune,0.35,12.89,5.862358,True
resnet18,nat_finetune,0.4,10.31,5.878302,True
resnet18,nat_finetune,0.5,10.0,5.474876,True
resnet18,nat_finetune,0.6,10.0,4.890416,True
