dataset,seed,alpha,acc_clean,acc_robust,acc_soft,oracle,soft_minus_oracle,p_err_clean,p_err_robust,double_fault,df_ratio,err_phi,rescue,hurt
cifar100,42,-0.3,48.05,48.66,49.23,48.66,0.57,0.5195,0.5134,0.4272,1.6017,0.6427,0.0183,0.0126
cifar100,42,-0.2,54.02,51.81,53.74,54.02,-0.28,0.4598,0.4819,0.389,1.7556,0.6723,0.051,0.0538
cifar100,42,-0.1,58.68,54.1,58.37,58.68,-0.31,0.4132,0.459,0.3615,1.9061,0.7003,0.0245,0.0276
cifar100,42,0.0,61.03,55.27,60.92,61.03,-0.11,0.3897,0.4473,0.3467,1.989,0.7109,0.014,0.0151
cifar100,42,0.1,59.84,55.08,59.53,59.84,-0.31,0.4016,0.4492,0.354,1.9623,0.7119,0.0255,0.0286
cifar100,42,0.2,54.08,52.79,54.99,54.08,0.91,0.4592,0.4721,0.3857,1.7792,0.679,0.0555,0.0464
cifar100,42,0.3,43.21,48.45,48.93,48.45,0.48,0.5679,0.5155,0.4411,1.5067,0.5992,0.0229,0.0181
cifar100,43,-0.3,48.05,48.25,48.83,48.25,0.58,0.5195,0.5175,0.4308,1.6024,0.6487,0.0176,0.0118
cifar100,43,-0.2,54.02,51.2,53.78,54.02,-0.24,0.4598,0.488,0.3928,1.7506,0.6761,0.0512,0.0536
cifar100,43,-0.1,58.68,53.42,58.25,58.68,-0.43,0.4132,0.4658,0.3641,1.8917,0.6987,0.025,0.0293
cifar100,43,0.0,61.03,54.9,60.5,61.03,-0.53,0.3897,0.451,0.3455,1.9658,0.6995,0.0133,0.0186
cifar100,43,0.1,59.84,54.75,59.2,59.84,-0.64,0.4016,0.4525,0.3522,1.9381,0.6987,0.0268,0.0332
cifar100,43,0.2,54.08,52.89,55.28,54.08,1.2,0.4592,0.4711,0.3815,1.7635,0.664,0.0621,0.0501
cifar100,43,0.3,43.21,48.34,48.95,48.34,0.61,0.5679,0.5166,0.4371,1.4899,0.5806,0.0244,0.0183
cifar100,44,-0.3,48.05,48.82,49.35,48.82,0.53,0.5195,0.5118,0.4262,1.603,0.6419,0.0182,0.0129
cifar100,44,-0.2,54.02,51.58,54.07,54.02,0.05,0.4598,0.4842,0.3886,1.7455,0.6663,0.0534,0.0529
cifar100,44,-0.1,58.68,53.82,58.36,58.68,-0.32,0.4132,0.4618,0.3612,1.8929,0.6941,0.025,0.0282
cifar100,44,0.0,61.03,55.18,60.67,61.03,-0.36,0.3897,0.4482,0.346,1.981,0.7065,0.0132,0.0168
cifar100,44,0.1,59.84,54.9,59.2,59.84,-0.64,0.4016,0.451,0.3531,1.9495,0.705,0.0248,0.0312
cifar100,44,0.2,54.08,52.73,55.18,54.08,1.1,0.4592,0.4727,0.3863,1.7797,0.6802,0.058,0.047
cifar100,44,0.3,43.21,48.98,49.38,48.98,0.4,0.5679,0.5102,0.4386,1.5138,0.6011,0.0219,0.0179
cifar10,42,-0.3,81.08,82.43,82.28,82.43,-0.15,0.1892,0.1757,0.1521,4.5755,0.7974,0.0057,0.0072
cifar10,42,-0.2,83.96,84.42,84.45,84.42,0.03,0.1604,0.1558,0.1335,5.3421,0.8153,0.0101,0.0098
cifar10,42,-0.1,86.55,85.82,86.41,86.55,-0.14,0.1345,0.1418,0.1187,6.2238,0.8371,0.006,0.0074
cifar10,42,0.0,87.49,86.51,87.39,87.49,-0.1,0.1251,0.1349,0.1081,6.4056,0.8072,0.0047,0.0057
cifar10,42,0.1,86.78,86.53,87.19,86.78,0.41,0.1322,0.1347,0.1037,5.8234,0.7428,0.014,0.0099
cifar10,42,0.2,82.54,85.65,85.92,85.65,0.27,0.1746,0.1435,0.1067,4.2586,0.6135,0.0194,0.0167
cifar10,42,0.3,70.34,82.89,82.92,82.89,0.03,0.2966,0.1711,0.1324,2.609,0.4747,0.0153,0.015
cifar10,43,-0.3,81.08,83.13,82.89,83.13,-0.24,0.1892,0.1687,0.1432,4.4865,0.7587,0.0066,0.009
cifar10,43,-0.2,83.96,84.67,84.56,84.67,-0.11,0.1604,0.1533,0.1274,5.1811,0.7776,0.012,0.0131
cifar10,43,-0.1,86.55,85.78,86.44,86.55,-0.11,0.1345,0.1422,0.1157,6.0494,0.8104,0.0067,0.0078
cifar10,43,0.0,87.49,86.64,87.41,87.49,-0.08,0.1251,0.1336,0.1113,6.6593,0.8403,0.0035,0.0043
cifar10,43,0.1,86.78,86.67,87.16,86.78,0.38,0.1322,0.1333,0.1097,6.2251,0.7998,0.0111,0.0073
cifar10,43,0.2,82.54,85.65,85.47,85.65,-0.18,0.1746,0.1435,0.1165,4.6498,0.6871,0.0137,0.0155
cifar10,43,0.3,70.34,82.7,82.19,82.7,-0.51,0.2966,0.173,0.1465,2.8551,0.551,0.0112,0.0163
cifar10,44,-0.3,81.08,82.93,82.56,82.93,-0.37,0.1892,0.1707,0.1453,4.4989,0.7668,0.0048,0.0085
cifar10,44,-0.2,83.96,84.67,84.76,84.67,0.09,0.1604,0.1533,0.1311,5.3316,0.8056,0.01,0.0091
cifar10,44,-0.1,86.55,85.99,86.3,86.55,-0.25,0.1345,0.1401,0.1184,6.2834,0.8407,0.0055,0.008
cifar10,44,0.0,87.49,86.67,87.43,87.49,-0.06,0.1251,0.1333,0.1114,6.6803,0.8424,0.0035,0.0041
cifar10,44,0.1,86.78,86.85,87.13,86.85,0.28,0.1322,0.1315,0.1091,6.2758,0.8013,0.0152,0.0124
cifar10,44,0.2,82.54,85.68,85.49,85.68,-0.19,0.1746,0.1432,0.1147,4.5875,0.6745,0.0153,0.0172
cifar10,44,0.3,70.34,83.15,82.57,83.15,-0.58,0.2966,0.1685,0.141,2.8213,0.5324,0.011,0.0168
